ProcessName,Location,ProcessID
SERVER MAINTENANCE,Warehouse,1
SECURITY AUDIT,Remot Site A,2
NAN,Warehouse,3
SYSTEM UPGRADE,Remote Site B,4
SYSTEM UPGRADE,Warehouse,5
SERVER MAINTENANCE,Remote Site B,6
SYSTEM UPGRADE,Remote Site A,7
DATA BACKUP,Remote Site B,8
INVENTORY CHECK,Warehouse,9
INVENTORY CHECK,Remote Site A,10
SECURITY AUDIT,Remote Site A,11
INVENTORY CHECK,Remote Site B,12
SECURITY AUDIT,Hq,13
DATA BACKUP,Remote Site A,14
DATA BACKUP,Hq,15
SECURITY AUDIT,Warehouse,16
INVENTORY CHECK,Hq,17
DATA BACKUP,Warehouse,18
SYSTEM UPGRADE,Hq,19
SECURITY AUDIT,Remote Site B,20
